1,1,00:22:59.5
4,2,00:23:36.4
27,3,00:33:10.6
8,4,00:34:02.7
11,5,00:35:04.2
22,6,00:35:05.2
6,7,00:37:03.5
11,1,00:28:6.4
1,2,00:28:07.2
13,3,00:33:18.7
22,4,00:33:19.5
27,5,00:35:56.3
6,6,00:36:19.4
4,7,00:36:20.4
22,1,00:27:15.4
1,2,00:27:16.4
11,3,00:35:29.5
4,4,00:35:31.5
24,5,00:35:37.6
27,6,00:37:27.4
6,7,00:39:21.8
3,8,00:44:30.3
9,9,00:44:30.4
1,1,00:24:45.5
11,2,00:24:46.9
8,3,00:24:55.9
27,4,00:25:35.5
24,5,00:27:00.5
13,6,00:31:35.6
4,7,00:32:23.4
9,8,00:38:22.3
22,9,00:38:39.4
44,10,00:38:41.2
1,1,00:23:57.3
4,2,00:23:58.3
11,3,00:25:07.6
13,4,00:27:30.9
26,5,00:34:36.6
22,6,00:34:37.5
1,1,00:27:20.1
11,2,00:27:22.0
6,3,00:36:51.3
13,4,00:36:53.6
1,1,00:23:32.8
4,2,00:23:33.9
11,3,00:25:37.0
13,4,00:28:10.8
3,5,00:29:46.1
22,6,00:31:59.5
6,7,00:38:28.0
4,1,00:23:38.2
6,2,00:24:02.0
1,3,00:24:03.4
11,4,00:25:48.4
9,5,00:33:51.3
37,6,00:35:22.9
1,1,00:22:57.8
4,2,00:23:39.4
15,3,00:28:37.5
22,4,00:29:57.5
27,5,00:30:24.3
12,6,00:33:52.7
13,7,00:33:54.2
6,8,00:33:55.4
37,9,00:37:26.1
9,10,00:38:56.4
8,11,00:39:00.9
3,12,00:59:20.6
11,13,00:59:21.8
1,1,00:25:11.8
22,2,00:25:14.4
11,3,00:25:15.4
12,4,00:28:33.2
13,5,00:28:52.1
1,1,00:24:37.0
22,2,00:24:40.0
11,3,00:25:01.3
24,4,00:26:09.9
100,5,00:26:16.4
3,6,00:31:01.5
25,7,00:38:01.5
99,1,00:30:43.0
100,2,00:30:44.8
12,3,00:39:12.0
1,4,00:51:07.6
4,5,00:51:31.4
11,6,00:57:45.3
22,7,01:01:04.6
37,8,01:6:35.1
1,1,00:28:25.9
11,2,00:28:28.6
4,3,00:34:50.1
1,1,00:23:59.4
4,2,00:24:00.9
11,3,00:25:35.8
12,4,00:25:37.4
21,5,00:26:14.2
6,6,00:26:45.6
24,7,00:30:32.8
13,8,00:42:50.6
44,9,00:42:52.8
22,10,00:42:59.8
25,11,00:43:02.3
11,1,00:30:19.7
12,2,00:35:27.8
1,3,00:38:24.1
2,4,00:38:26.8
3,1,00:26:27.3
1,2,00:26:28.1
11,3,00:27:59.9
13,4,00:28:01.4
26,5,00:29:58.1
99,6,00:32:12.8
100,7,00:34:03.3
2,8,00:34:8.1
9,9,00:46:47.3
44,10,00:46:49.2
1,1,00:26:37.8
22,2,00:26:41.4
3,3,00:33:14.2
45,4,00:35:31.6
26,5,00:36:21.7
1,1,00:26:19.0
2,2,00:26:20.0
3,3,00:33:8.0
1,1,00:24:18.6
4,2,00:24:21.6
21,3,00:27:31.6
25,4,00:27:33.6
11,5,00:27:51.4
3,6,00:27:52.5
27,7,00:35:22.8
26,8,00:37:03.8
99,9,00:37:6.1
26,1,00:23:09.5
1,2,00:24:38.6
21,3,00:26:29.6
11,4,00:26:30.5
4,5,00:26:31.0
45,6,00:28:28.6
6,7,00:28:35.0
27,8,00:28:37.3
3,9,00:29:07.1
9,10,00:35:8.2
97,11,00:36:34.1
99,12,00:36:35.1
13,13,00:36:36.3
50,14,00:36:38.1
22,15,00:40:19.6
25,16,00:40:19.7
12,17,00:41:57.2
1,1,00:27:29.4
12,2,00:27:31.0
2,3,00:27:38.4
11,4,00:28:03.5
4,5,00:31:39.4
6,6,00:34:20.3
9,7,00:36:50.2
1,1,00:24:27.4
21,2,00:24:50.1
2,3,00:25:43.4
6,4,00:27:33.1
11,5,00:27:44.0
12,6,00:28:41.1
24,7,00:28:57.9
26,8,00:29:00.0
22,9,00:29:24.1
27,10,00:33:18.7
4,11,00:34:27.1
9,12,00:34:31.8
100,13,00:35:54.9
99,14,00:55:8.9
25,15,00:55:23.9
1,1,00:27:18.6
6,2,00:27:22.1
27,3,00:33:21.1
12,4,00:35:6.6
24,5,00:35:27.5
44,6,00:42:21.9
37,7,00:42:32.6
99,8,01:03:48.1
11,9,01:03:51.9
1,1,00:22:51.3
24,2,00:22:59.9
11,3,00:26:25.3
21,4,00:26:28.8
12,5,00:27:29.3
2,6,00:27:30.8
25,7,00:28:12.6
6,8,00:28:21.2
46,9,00:28:26.9
45,10,00:28:52.9
27,11,00:30:6.9
4,12,00:34:55.3
9,13,00:35:16.2
26,14,00:35:17.6
37,15,00:35:22.1
99,16,00:35:24.0
44,17,00:36:8.2
1,1,00:25:34.0
3,2,00:25:47.7
8,3,00:27:39.7
9,4,00:30:58.7
7,5,00:31:00.1
4,6,00:36:23.5
2,6,00:36:23.5
5,T8,00:40:55.0
6,T8,00:40:55.0
10,T8,00:40:55.0
1,1,00:24:27.8
3,2,00:29:24.5
10,3,00:29:32.1
9,4,00:29:36.4
2,5,00:30:18.5
1,1,00:25:28.0
4,2,00:25:32.4
3,3,00:26:33.6
2,4,00:28:26.3
9,5,00:28:41.7
7,6,00:34:41.0
6,7,00:34:42.1
8,8,00:35:03.1
3,1,00:22:14.8
1,2,00:22:15.8
2,3,00:25:46.4
6,4,00:27:00.6
11,5,00:28:21.7
4,6,00:28:35.8
13,7,00:29:16.2
12,8,00:32:12.8
5,9,00:32:13.8
1,1,00:24:49.3
5,2,00:24:58.0
3,3,00:26:56.1
4,4,00:28:24.1
11,5,00:32:11.0
1,1,00:25:43.8
4,2,00:25:46.9
7,3,00:27:47.9
19,4,00:34:54.5
11,5,00:36:27.4
3,6,00:36:57.2
2,7,00:37:03.2
6,8,00:38:18.8
5,9,00:38:20.0
2,1,00:26:26.8
4,2,00:26:30.6
3,3,00:27:33.1
11,4,00:28:26.0
8,5,00:28:41.2
1,6,00:29:41.4
5,7,00:34:35.3
7,8,00:36:16.3
6,9,00:36:18.0
1,1,00:24:37.5
6,2,00:24:39.9
7,3,00:25:14.9
3,4,00:26:07.0
10,5,00:26:37.6
11,6,00:27:39.8
2,7,00:30:36.3
5,8,00:30:54.7
4,9,00:31:57.7
8,10,00:37:51.3
9,1,00:24:50.0
2,2,00:24:54.8
4,3,00:25:56.4
11,4,00:27:35.5
1,5,00:27:47.6
7,6,00:31:6.4
8,7,00:31:21.4
6,8,00:37:42.9
1,1,00:24:44.2
2,2,00:24:49.4
3,3,00:25:58.6
11,4,00:29:00.6
5,5,00:29:36.6
10,6,00:35:37.9
7,7,00:39:44.0
6,8,00:39:45.0
8,100,DNF
9,4,DNF
1,1,00:26:01.3
4,2,00:26:27.1
2,3,00:26:45.9
11,4,00:28:49.5
7,5,00:28:57.2
2,1,00:37:34.4
1,2,00:37:39.3
3,3,00:37:42.6
7,4,00:40:09.1
4,5,00:41:22.9
100,6,00:44:8.5
21,7,00:44:14.5
5,8,00:46:11.5
1,1,00:23:36.0
4,2,00:26:43.7
11,3,00:27:07.3
6,4,00:34:45.0
7,5,00:39:46.7
3,6,00:47:00.9
2,7,00:47:8.0
1,1,00:22:54.8
4,2,00:22:56.6
2,3,00:27:41.2
3,4,00:33:25.8
7,5,00:38:43.4
8,6,00:38:44.7
100,7,00:41:10.4
6,8,00:41:13.3
1,1,00:23:19.8
3,2,00:23:36.5
4,3,00:26:39.4
11,4,00:29:45.9
2,5,00:35:01.2
6,6,00:35:19.1
8,7,00:35:20.3
1,1,00:25:02.2
7,2,00:25:04.3
2,3,00:28:8.3
3,4,00:34:56.0
1,1,00:28:22.5
2,2,00:28:25.2
8,3,00:28:31.1
3,4,00:28:47.0
6,5,00:29:59.8
11,6,00:30:25.0
4,7,00:36:13.6
1,1,00:23:46.1
4,2,00:24:27.7
2,3,00:26:43.1
11,4,00:27:18.9
8,5,00:28:27.9
7,6,00:32:22.1
6,7,00:35:33.4
100,8,00:36:38.1
9,9,00:36:40.2
10,10,00:36:42.5
1,1,00:27:04.3
9,2,00:27:6.0
13,3,00:28:28.4
12,4,00:28:28.5
6,5,00:30:21.5
4,6,00:30:31.7
8,7,00:31:41.6
11,8,00:31:43.8
3,9,00:37:39.9
2,10,00:37:44.2
1,1,00:25:22.6
9,2,00:25:24.6
4,3,00:25:31.0
1000,4,00:25:59.9
2,5,00:26:27.4
3,6,00:28:39.7
11,7,00:29:00.7
12,8,00:36:53.2
6,9,00:39:07.3
99,10,00:41:12.1
21,11,00:41:15.1
7,12,00:53:35.2
22,1,00:25:05.2
1,2,00:25:6.2
8,3,00:28:03.0
11,4,00:28:20.2
2,5,00:28:35.1
12,6,00:30:8.7
21,7,00:30:48.3
99,8,00:35:38.9
6,9,00:39:46.9
27,10,00:39:47.7
9,11,00:43:29.7
4,12,00:43:35.8
7,13,00:43:35.9
3,3,DNF
1,1,00:26:16.1
2,2,00:26:17.5
11,3,00:28:42.4
13,4,00:28:58.0
12,5,00:31:34.6
8,6,00:34:23.6
4,7,00:36:6.3
6,8,00:36:8.5
1,1,00:29:05.7
6,2,00:30:52.5
2,3,00:35:42.2
3,4,00:35:51.4
8,5,00:38:21.0
1,1,00:21:23.0
24,2,00:21:41.9
3,3,00:25:45.1
22,4,00:26:05.4
21,5,00:26:43.9
99,6,00:26:45.6
11,7,00:26:58.1
4,8,00:27:13.5
7,9,00:28:6.2
6,10,00:28:35.5
8,11,00:30:17.1
27,12,00:36:35.2
1,1,00:22:14.8
9,2,00:24:35.1
3,3,00:25:09.8
4,4,00:25:37.7
13,5,00:25:39.6
24,6,00:25:42.2
2,7,00:25:50.0
7,8,00:26:07.9
11,9,00:27:8.8
6,10,00:29:46.7
12,11,00:30:6.9
8,12,00:35:58.6
1,1,00:23:49.0
4,2,00:24:10.2
100,3,00:25:45.4
2,4,00:26:6.2
8,5,00:26:17.2
22,6,00:26:35.5
9,7,00:27:28.4
11,8,00:29:18.3
24,9,00:29:32.8
21,10,00:30:45.3
27,11,00:31:35.6
99,12,00:35:04.8
6,13,00:35:8.8
23,14,00:35:25.4
12,15,00:35:26.7
3,16,00:35:40.2
7,17,00:37:33.6
1,1,00:23:33.3
99,2,00:23:50.5
2,3,00:24:47.3
27,4,00:25:18.1
4,5,00:26:42.1
11,6,00:27:11.6
22,7,00:28:55.4
3,8,00:28:58.7
9,9,00:29:17.5
7,10,00:30:47.1
24,11,00:32:6.9
21,12,00:32:22.6
100,13,00:32:31.7
25,14,00:38:19.5
8,15,00:39:33.6
44,16,00:39:40.4
6,17,00:39:42.2
1,1,00:26:30.9
21,2,00:29:10.8
7,3,00:29:44.8
99,4,00:29:50.8
11,5,00:30:34.8
6,6,00:30:52.1
24,7,00:33:44.8
9,8,00:39:38.3
22,9,00:39:40.7
1,1,00:25:52.9
24,2,00:26:37.6
11,3,00:28:02.5
27,4,00:29:30.3
2,5,00:30:15.0
7,6,00:32:46.1
4,7,00:33:31.0
6,8,00:35:6.8
99,9,00:37:20.5
9,10,00:37:22.0
21,11,00:37:29.0
2,1,00:23:34.9
1,2,00:25:28.9
7,3,00:25:32.2
4,4,00:26:56.1
11,5,00:27:00.0
6,6,00:29:52.0
3,7,00:30:45.2
99,8,00:33:29.0
1,1,00:26:30.0
2,2,00:28:28.6
24,3,00:29:58.6
27,4,00:30:37.5
9,5,00:30:40.9
21,6,00:34:07.4
6,7,00:37:12.2
99,8,00:37:13.3
100,9,00:37:15.4
1,1,00:29:21.6
11,2,00:29:23.4
9,3,00:29:31.1
6,4,00:30:57.8
24,5,00:31:14.2
1,1,00:28:21.9
11,2,00:28:42.8
24,3,00:29:28.4
6,4,00:29:43.8
4,5,00:31:16.6
1,1,00:24:45.9
11,2,00:28:41.7
45,3,00:30:12.7
22,4,00:30:23.8
26,5,00:31:56.2
27,6,00:33:26.6
6,7,00:37:55.2
4,8,00:38:23.3
2,9,00:38:24.2
21,10,01:21:45.0
24,11,01:21:46.5
1,1,00:25:27.9
6,2,00:25:28.9
11,3,00:27:09.8
45,4,00:27:11.3
2,5,00:30:41.8
22,6,00:30:43.2
99,7,00:41:17.4
100,8,00:41:19.2
4,1,00:24:05.7
1,2,00:24:14.6
2,3,00:26:27.5
11,4,00:28:29.8
45,5,00:33:35.0
22,6,00:33:36.6
99,7,00:33:36.7
6,8,00:33:39.5
13,1,00:21:40.6
1,2,00:22:28.3
4,3,00:23:49.6
44,4,00:23:52.8
11,5,00:25:39.7
21,6,00:28:36.9
9,7,00:29:07.0
15,8,00:29:50.1
37,9,00:32:40.6
3,10,00:32:56.3
27,11,00:33:00.1
26,12,00:35:40.6
6,13,00:40:51.6
8,14,00:41:03.5
12,15,00:47:51.0
16,16,00:47:52.4
24,17,00:50:53.4
3,1,00:24:37.1
1,2,00:25:18.9
100,3,00:26:52.0
101,4,00:26:53.5
27,5,00:27:40.0
13,6,00:27:43.4
15,7,00:29:22.3
22,8,00:29:35.2
44,9,00:31:33.9
11,10,00:32:32.9
21,11,00:32:40.1
8,12,00:33:04.8
6,13,00:37:42.2
24,14,00:37:43.1
3,1,00:23:47.6
1,2,00:26:46.1
44,3,00:26:55.3
13,4,00:27:39.0
37,5,00:27:40.1
15,6,00:28:23.6
8,7,00:30:12.5
22,8,00:30:20.5
11,9,00:31:22.8
21,10,00:31:28.3
27,11,00:32:35.4
26,12,00:32:36.4
4,13,00:34:22.3
6,14,00:36:21.4
12,15,00:36:22.7
44,1,00:22:09.2
27,2,00:24:30.7
13,3,00:27:40.5
11,4,00:28:32.5
1,5,00:28:42.5
15,6,00:28:48.2
3,7,00:30:16.5
37,8,00:30:18.4
26,9,00:33:45.8
22,10,00:35:17.6
12,11,00:35:45.0
8,12,00:37:27.5
21,13,00:39:44.3
4,14,00:39:47.3
1,1,00:22:03.5
12,2,00:22:05.2
4,3,00:23:09.9
37,4,00:28:39.9
22,5,00:29:57.8
15,6,00:30:48.7
9,7,00:31:38.2
33,8,00:35:27.3
26,9,00:36:29.7
44,10,00:39:16.4
333,11,00:39:21.6
100,12,00:40:33.2
101,13,00:40:35.0
102,14,00:40:35.4
3,15,00:42:6.6
8,16,00:42:10.3
27,17,00:42:12.7
24,18,00:45:10.7
21,19,00:45:12.6
6,20,00:45:17.3
8,5,00:23:00.0
1,3,00:25:50.0
26,1,00:26:01.1
4,2,00:26:18.9
11,4,00:26:39.7
15,6,00:28:45.9
22,7,00:29:47.5
27,8,00:29:55.4
3,9,00:29:56.7
12,10,00:30:27.7
9,11,00:31:27.3
37,12,00:34:53.8
6,13,00:37:13.0
8,1,00:23:00.0
4,2,00:23:40.0
15,3,00:25:48.0
11,4,00:26:58.3
22,5,00:29:8.9
6,6,00:33:36.5
44,7,00:33:45.8
15,1,00:26:00.2
11,2,00:26:26.2
9,3,00:27:11.5
22,4,00:28:57.9
8,5,00:33:26.7
1,1,00:23:14.8
44,2,00:23:21.6
4,3,00:24:03.0
8,4,00:24:49.1
45,5,00:27:38.0
15,6,00:27:49.3
11,7,00:28:28.0
22,8,00:28:29.7
26,9,00:31:6.9
12,10,00:32:8.6
6,11,00:34:01.5
100,12,00:38:18.9
12,1,00:23:8.8
1,2,00:23:10.5
4,3,00:23:47.8
26,4,00:24:59.6
11,5,00:27:17.9
8,6,00:27:22.7
22,7,00:28:30.0
15,8,00:29:11.0
24,9,00:29:18.8
19,10,00:33:42.8
1,1,00:26:11.4
22,2,00:26:13.3
12,3,00:28:34.0
11,4,00:30:34.3
26,5,00:30:35.6
9,6,00:30:37.7
44,7,00:30:43.2
4,8,00:36:19.7
1,1,00:25:8.5
44,2,00:25:14.2
49,3,00:27:22.8
15,4,00:27:52.1
26,5,00:34:05.9
22,6,00:34:10.6
3,1,00:23:00.7
1,2,00:25:30.9
22,3,00:28:31.8
11,4,00:29:10.3
26,5,00:29:15.4
1,1,00:20:58.7
50,2,00:21:02.3
15,3,00:24:45.1
26,4,00:26:26.1
3,5,00:28:09.1
103,6,00:28:41.6
22,7,00:29:07.5
101,8,00:30:6.1
100,9,00:30:42.9
27,10,00:32:12.9
44,11,00:32:18.3
16,12,00:32:41.9
4,13,00:32:46.8
9,14,00:38:05.0
12,15,00:38:07.1
6,16,00:38:09.4
11,17,00:59:21.2
49,18,00:59:38.9
1,1,00:23:41.1
22,2,00:25:30.3
11,3,00:25:50.9
16,4,00:26:29.5
15,5,00:27:59.0
49,6,00:29:40.4
26,7,00:30:40.3
44,8,00:32:39.1
18,9,00:33:57.2
27,10,00:36:22.6
22,1,00:21:55.0
1,2,00:22:49.6
11,3,00:28:00.4
15,4,00:28:01.9
49,5,00:28:51.2
26,6,00:28:54.3
44,7,00:29:55.7
18,8,00:32:45.4
19,9,00:33:28.5
16,10,00:33:31.2
1,1,00:22:16.1
4,2,00:22:18.1
44,3,00:23:04.7
6,4,00:24:51.2
3,5,00:25:41.6
11,6,00:26:01.0
16,7,00:26:37.3
15,8,00:26:50.6
12,9,00:27:01.7
49,10,00:29:38.5
100,11,00:29:52.2
50,12,00:30:12.3
28,13,00:30:28.0
19,14,00:33:57.1
18,15,00:34:20.9
26,16,00:34:24.8
1,1,00:21:20.0
12,2,00:21:30.3
4,3,00:22:01.4
22,4,00:24:17.6
18,5,00:24:56.5
15,6,00:25:20.4
11,7,00:28:34.1
44,8,00:32:51.5
27,9,00:33:41.1
9,1,00:22:10.9
1,2,00:22:46.2
4,3,00:23:24.8
15,4,00:24:51.6
44,5,00:28:00.7
12,6,00:29:14.0
16,7,00:29:15.3
11,8,00:29:30.8
22,9,00:29:50.6
28,10,00:36:01.3
3,11,00:36:02.4
18,12,00:36:13.2
15,1,00:21:00.0
1,2,00:25:42.6
16,3,00:26:15.1
37,4,00:26:25.0
11,5,00:26:42.9
49,6,00:26:46.9
9,7,00:28:34.2
28,8,00:28:37.0
26,9,00:28:54.3
27,10,00:29:21.7
3,11,00:31:55.0
44,12,00:31:56.6
19,13,00:32:38.7
14,14,00:32:40.3
22,15,00:32:41.1
4,16,00:37:22.6
12,17,01:01:28.7
18,18,01:01:33.4
1,1,00:26:19.2
28,2,00:27:24.3
16,3,00:27:25.5
15,4,00:28:06.8
11,5,00:28:12.4
37,6,00:29:18.7
4,7,00:31:57.0
27,8,00:32:30.0
22,9,00:37:31.0
9,10,00:42:38.7
18,1,00:21:01.0
1,2,00:21:03.0
26,3,00:26:18.7
15,4,00:27:28.2
11,5,00:28:19.4
14,6,00:30:53.7
27,7,00:33:20.5
4,8,00:36:04.3
6,9,00:36:32.9
12,10,00:37:46.1
19,11,00:37:51.5
1,1,00:24:34.7
4,2,00:24:35.7
49,3,00:25:02.5
100,4,00:25:41.5
44,5,00:27:50.7
11,6,00:27:51.8
16,7,00:27:52.6
28,8,00:30:39.8
29,9,00:32:18.8
27,10,00:32:42.5
12,11,00:32:48.8
18,12,00:33:06.0
22,13,00:33:07.0
101,14,00:33:52.0
6,15,00:34:04.4
1,1,00:26:55.3
11,2,00:28:10.9
27,3,00:28:25.4
26,4,00:28:39.7
49,5,00:30:10.2
44,6,00:30:29.4
14,7,00:34:54.5
17,8,00:35:09.4
12,9,00:35:56.9
22,10,00:36:20.0
6,11,00:36:43.7
15,12,00:45:07.0
4,13,00:45:07.9
1,1,00:23:44.3
4,2,00:23:45.0
22,3,00:27:46.7
27,4,00:28:04.4
11,5,00:28:57.8
44,6,00:29:33.6
26,7,00:30:04.8
14,8,00:34:23.0
8,9,00:34:53.0
49,10,00:35:31.6
12,11,00:36:04.0
22,1,00:27:16.0
15,2,00:28:35.4
12,3,00:30:05.1
44,4,00:30:09.5
11,5,00:32:06.7
8,6,00:36:25.9
4,1,00:23:38.0
94,2,00:26:25.0
1,3,00:26:28.4
22,4,00:27:26.5
44,5,00:27:37.9
15,6,00:28:04.2
18,7,00:29:15.1
12,8,00:30:29.4
28,9,00:32:09.2
8,10,00:33:13.4
17,11,00:34:53.7
27,12,00:34:55.0
1,1,00:23:25.4
4,2,00:23:26.0
12,3,00:24:02.5
88,4,00:26:22.0
26,5,00:26:32.3
44,6,00:26:52.5
1,T1,00:22:34.0
44,T1,00:22:34.0
4,3,00:23:07.2
8,4,00:26:07.7
11,5,00:27:09.7
18,6,00:27:23.9
14,7,00:29:56.4
26,8,00:34:01.0
12,9,00:34:02.1
27,10,00:34:28.5
10,1,00:37:28.59
27,2,00:38:00.0
4,1,00:24:22.0
12,2,00:24:25.0
16,3,00:26:32.7
1,4,00:26:37.7
44,5,00:30:31.9
26,6,00:32:55.9
18,7,00:34:21.2
9,8,00:36:01.9
27,9,00:37:50.8
37,10,00:42:59.1
15,11,00:43:00.3
17,12,00:43:01.2
11,13,00:43:15.4
14,14,00:43:18.1
8,15,00:43:20.3
1,1,00:24:41.0
4,2,00:24:50.0
8,3,00:27:35.2
23,4,00:27:40.2
6,5,00:29:20.4
7,6,00:29:20.4
2,7,00:32:35.4
5,8,00:33:55.0
3,9,00:34:28.1
27,10,00:35:00.0
4,1,00:23:35.0
6,2,00:24:02.0
1,3,00:24:40.0
44,4,00:27:18.3
26,5,00:27:24.2
14,6,00:29:17.7
11,7,00:30:46.3
8,8,00:30:49.5
16,9,00:34:30.6
27,10,00:34:32.4
6,1,00:23:40.2
1,2,00:27:54.1
96,3,00:28:30.0
11,4,00:30:29.1
37,5,00:30:55.9
9,1,00:27:06.0
44,2,00:28:24.0
11,3,00:28:29.7
17,4,00:36:17.3
1,5,00:36:20.0
1,1,00:24:52.0
4,2,00:24:58.0
12,3,00:27:38.8
11,4,00:28:09.9
1,1,00:24:30.6
4,2,00:26:05.7
50,3,00:28:43.5
11,4,00:31:40.7
17,5,00:31:47.5
8,6,00:31:55.6
12,7,00:31:56.5
49,8,00:32:38.3
27,9,00:35:40.8
14,10,00:35:43.0
4,1,00:23:50.0
44,2,00:27:50.0
18,3,00:34:40.0
74,4,00:47:47.0
1,5,00:48:25.2
26,6,00:53:20.3
14,7,00:53:33.1
11,8,00:56:22.5
49,9,00:56:59.6
12,10,01:00:53.5
8,11,01:07:55.0
4,1,00:24:17.9
1,2,00:24:18.7
8,3,00:27:02.4
11,4,00:28:38.4
49,5,00:34:04.3
16,6,00:37:03.2
74,7,00:50:11.4
17,8,00:50:12.7
1,1,00:23:45.4
12,2,00:23:48.4
17,3,00:28:02.5
4,4,00:28:41.9
44,5,00:29:00.3
18,6,00:30:16.4
14,7,00:30:17.6
16,8,00:33:50.0
49,9,00:34:34.4
27,10,00:34:35.9
1,1,00:25:03.5
28,2,00:25:19.4
12,3,00:30:09.5
49,4,00:31:34.2
18,5,00:31:58.1
4,6,00:33:40.6
14,7,00:34:01.5
16,8,00:35:10.7
26,9,00:35:14.1
44,10,00:36:41.3
17,11,00:37:17.8
27,12,00:37:20.2
1,1,00:25:13.0
11,2,00:25:13.9
16,3,00:25:57.3
49,4,00:31:03.5
18,5,00:31:54.5
28,6,00:33:09.2
12,7,00:33:25.6
27,8,00:36:04.4
14,9,00:38:56.3
1,1,00:25:07.3
16,2,00:25:08.4
14,3,00:25:09.5
49,4,00:25:13.0
11,5,00:25:30.7
44,6,00:25:32.9
18,7,00:27:41.2
12,8,00:29:32.0
4,9,00:30:51.0
28,10,00:31:31.8
27,11,00:34:41.0
18,1,00:24:38.0
44,2,00:24:41.0
11,3,00:29:09.4
12,4,00:29:34.2
27,5,00:34:28.4
49,6,00:34:40.0
4,7,00:35:23.4
1,1,00:24:47.5
28,2,00:24:49.0
18,3,00:25:02.4
4,4,00:25:11.5
11,5,00:28:04.7
12,6,00:29:35.4
44,7,00:31:14.0
50,8,00:31:16.0
27,9,00:33:45.7
49,10,00:38:04.0
11,1,00:27:55.0
18,2,00:27:58.1
1,3,00:27:58.9
28,4,00:28:55.2
12,5,00:29:21.3
17,6,00:32:11.4
10,7,00:33:19.1
27,8,00:35:34.5
1,1,00:25:07.4
18,2,00:26:04.1
4,3,00:26:57.4
17,4,00:27:13.2
28,5,00:27:44.5
11,6,00:28:34.8
44,7,00:30:15.4
26,8,00:35:56.4
1,1,00:25:24.3
17,2,00:25:33.3
38,3,00:26:06.6
49,4,00:27:04.9
39,5,00:27:09.2
27,6,00:28:13.5
28,7,00:29:52.8
18,8,00:29:59.6
11,9,00:30:32.0
4,10,00:30:33.0
12,11,00:35:36.5
44,12,00:39:09.0
53,13,00:45:26.9
39,1,00:23:10.3
1,2,00:23:11.1
4,3,00:23:26.1
35,4,00:25:47.1
44,5,00:26:11.9
17,6,00:26:39.4
53,7,00:27:10.2
11,8,00:27:28.1
28,9,00:28:32.3
49,10,00:28:48.8
12,11,00:28:58.8
13,12,00:29:04.0
66,13,00:34:41.2
8,14,00:34:44.6
26,15,00:35:03.0
38,16,00:35:26.5
18,17,00:40:23.7
27,18,00:40:25.0
8,1,00:22:38.4
4,2,00:22:38.5
1,3,00:22:39.8
18,4,00:25:38.6
11,5,00:28:17.1
39,6,00:28:42.0
13,7,00:34:17.7
47,8,00:34:19.8
12,9,00:34:22.8
1,1,00:25:08.1
14,2,00:25:16.2
27,3,00:27:36.4
8,4,00:27:48.8
39,5,00:27:49.7
47,6,00:29:05.8
28,7,00:32:47.0
11,8,00:32:48.2
49,9,00:35:32.7
13,10,00:35:33.7
53,11,00:42:07.2
4,12,00:54:45.4
44,13,00:54:46.7
12,14,00:54:49.3
4,1,00:23:38.3
39,2,00:25:08.7
1,3,00:25:12.9
44,4,00:25:21.2
49,5,00:25:36.0
17,6,00:31:18.0
11,7,00:31:23.3
27,8,00:33:46.7
13,9,00:40:57.0
35,10,00:40:58.5
26,11,00:52:50.0
96,12,00:52:56.3
4,1,00:23:18.0
1,2,00:24:31.5
44,3,00:24:33.7
47,4,00:25:52.2
11,5,00:28:09.4
17,6,00:30:52.4
18,7,00:31:58.3
39,8,00:33:06.6
27,9,00:33:50.0
8,10,00:37:28.8
53,11,00:48:41.7
1,1,00:24:22.7
39,2,00:26:15.5
11,3,00:27:00.4
49,4,00:27:02.2
53,5,00:27:27.2
4,6,00:29:17.1
44,7,00:29:18.1
47,8,00:30:07.2
17,9,00:32:03.5
18,10,00:36:03.2
1,1,00:24:24.5
44,2,00:24:25.6
32,3,00:26:21.8
12,4,00:30:24.4
11,5,00:30:25.4
4,6,00:30:27.2
49,7,00:30:36.6
27,8,00:33:53.7
18,9,00:33:59.3
1,1,00:24:10.5
44,2,00:24:16.6
8,3,00:25:33.8
17,4,00:26:48.7
18,5,00:27:34.8
53,6,00:28:54.6
39,7,00:30:17.5
49,8,00:30:18.9
4,9,00:33:19.3
11,10,00:33:21.1
27,11,00:33:35.8
1,1,00:25:05.0
49,2,00:25:06.5
100,3,00:29:25.8
27,4,00:35:41.2
11,5,00:35:42.2
53,6,00:35:45.6
1,1,00:23:37.6
44,2,00:23:38.4
27,3,00:23:52.4
49,4,00:29:48.3
8,5,00:35:49.6
11,6,00:38:35.0
53,7,00:38:35.8
1,1,00:24:40.2
47,2,00:24:45.1
27,3,00:25:18.2
26,4,00:27:45.1
18,5,00:28:59.2
11,6,00:30:32.5
39,7,00:31:56.3
28,8,00:32:05.7
35,9,00:33:11.3
100,10,00:33:35.7
4,11,00:37:55.0
1,1,00:23:51.9
13,2,00:23:52.9
28,3,00:24:23.6
11,4,00:28:50.5
49,5,00:28:52.1
39,6,00:31:59.0
16,7,00:32:13.3
27,8,00:32:40.6
17,9,00:32:43.9
31,10,00:33:48.2
44,11,00:37:33.4
12,12,00:56:32.4
4,1,00:24:06.9
1,2,00:24:07.7
39,3,00:24:14.1
44,4,00:25:27.9
11,5,00:32:50.8
49,6,00:32:55.0
28,7,00:35:47.9
13,1,00:24:33.0
18,2,00:24:30.0
11,3,00:28:52.7
27,4,00:32:49.7
4,5,00:24:28.0
49,1,00:23:44.4
1,2,00:23:45.5
4,3,00:23:51.3
17,4,00:23:56.2
44,5,00:24:15.2
18,6,00:24:45.5
11,7,00:29:14.9
27,8,00:35:23.5
1,1,00:23:23.9
49,2,00:23:26.5
17,3,00:23:27.5
27,4,00:25:44.7
11,5,00:28:02.1
4,6,00:28:05.0
13,7,00:29:44.7
18,8,00:29:47.4
47,9,00:31:29.5
28,10,00:33:44.7
53,11,00:35:12.8
26,12,00:42:59.0
49,1,00:22:45.9
13,2,00:23:02.9
44,3,00:25:19.5
1,4,00:25:20.5
11,5,00:28:26.5
28,6,00:29:07.0
50,7,00:34:36.0
27,8,00:34:59.6
1,1,00:24:24.1
13,2,00:24:26.3
44,3,00:24:27.9
28,4,00:27:11.6
49,5,00:29:52.5
18,6,00:30:02.2
47,7,00:30:16.9
26,8,00:30:18.0
11,9,00:34:06.3
100,1,00:22:30.0
44,2,00:22:45.0
49,3,00:22:46.0
26,4,00:24:47.3
96,5,00:28:46.1
1,6,00:28:47.5
11,7,00:29:07.0
13,8,00:29:19.2
38,9,00:29:46.0
28,10,00:30:26.9
47,11,00:32:26.0
27,12,00:38:33.5
3,1,00:22:00.4
99,2,00:24:23.0
53,3,00:24:25.7
1,4,00:24:26.6
47,5,00:24:43.4
38,6,00:25:42.3
100,7,00:26:59.4
44,8,00:27:59.7
28,9,00:28:03.9
177,10,00:29:56.6
35,11,00:30:05.7
96,12,00:30:11.7
31,13,00:30:13.8
23,14,00:30:24.6
88,15,00:30:25.7
4,16,00:31:19.2
11,17,00:49:36.7
49,18,00:49:39.3
18,19,00:49:50.1
44,1,00:23:15.0
31,2,00:24:09.0
178,3,00:24:41.0
88,4,00:26:38.0
11,5,00:28:31.1
177,6,00:28:36.6
28,7,00:29:13.5
4,8,00:32:28.8
26,9,00:36:26.6
18,10,00:42:22.8
47,11,00:42:30.4
96,12,00:42:33.6
1,1,00:23:16.1
38,2,00:23:20.8
28,3,00:24:21.1
44,4,00:24:39.0
11,5,00:27:35.9
47,6,00:27:42.4
88,7,00:27:55.6
13,8,00:29:35.5
49,9,00:31:08.9
31,10,00:32:44.9
44,1,00:24:18.2
1,2,00:26:04.5
88,3,00:26:39.7
28,4,00:26:56.1
177,5,00:28:30.6
11,6,00:29:11.3
4,7,00:31:52.2
53,8,00:34:31.6
26,9,00:35:37.1
49,10,00:39:33.6
177,1,00:21:00.0
49,2,00:22:30.0
18,3,00:27:37.0
44,4,00:28:14.0
96,5,00:29:38.8
11,6,00:29:39.1
28,7,00:29:39.2
88,8,00:30:06.3
26,9,00:30:43.0
1,10,00:33:03.7
53,11,00:34:23.9
44,1,00:24:44.0
1,2,00:24:50.5
100,3,00:25:14.3
47,4,00:25:40.7
26,5,00:26:40.4
49,6,00:27:09.6
39,7,00:27:33.5
31,8,00:28:10.7
18,9,00:28:11.6
177,10,00:28:12.7
101,11,00:28:53.6
11,12,00:28:54.9
28,13,00:31:04.7
4,14,00:32:57.3
53,15,00:34:13.9
88,1,00:23:03.0
44,2,00:23:28.0
1,3,00:24:05.2
26,4,00:24:12.0
47,5,00:26:41.7
11,6,00:29:39.0
28,7,00:34:01.7
53,8,00:34:43.4
44,1,00:21:53.7
28,2,00:21:56.9
26,3,00:26:51.4
18,4,00:28:44.8
177,5,00:29:17.0
88,6,00:30:08.5
4,7,00:30:16.3
53,8,00:34:28.0
2,9,00:34:29.1
177,1,00:21:17.5
44,2,00:23:58.0
1,3,00:24:08.6
49,4,00:26:06.9
26,5,00:28:05.2
11,6,00:29:56.4
